-- phpMyAdmin SQL Dump
-- version 4.5.4.1
-- http://www.phpmyadmin.net
--
-- Host: localhost
-- Generation Time: Apr 06, 2016 at 12:43 PM
-- Server version: 5.7.11
-- PHP Version: 5.5.32

SET SQL_MODE = "NO_AUTO_VALUE_ON_ZERO";
SET time_zone = "+00:00";


/*!40101 SET @OLD_CHARACTER_SET_CLIENT=@@CHARACTER_SET_CLIENT */;
/*!40101 SET @OLD_CHARACTER_SET_RESULTS=@@CHARACTER_SET_RESULTS */;
/*!40101 SET @OLD_COLLATION_CONNECTION=@@COLLATION_CONNECTION */;
/*!40101 SET NAMES utf8mb4 */;

--
-- Database: `coinslot_db`
--

-- --------------------------------------------------------

--
-- Table structure for table `coinslot`
--

CREATE TABLE `coinslot` (
  `idcoinslot` int(11) NOT NULL,
  `fk_id_manufacturer` varchar(15) NOT NULL,
  `first_service` datetime DEFAULT NULL,
  `last_maintaince` datetime DEFAULT NULL,
  `slide_counter` int(11) DEFAULT NULL,
  `full` varchar(1) DEFAULT NULL,
  `fk_id_maintaince_crew` varchar(15) NOT NULL
) ENGINE=InnoDB DEFAULT CHARSET=utf8;

--
-- Dumping data for table `coinslot`
--

INSERT INTO `coinslot` (`idcoinslot`, `fk_id_manufacturer`, `first_service`, `last_maintaince`, `slide_counter`, `full`, `fk_id_maintaince_crew`) VALUES
(1, '1111111111', '2014-01-30 12:15:41', '2015-07-29 22:07:53', 78, '1', '2222222222'),
(2, '1111111111', '2014-10-01 01:41:08', '2015-04-07 10:47:28', 75, '1', '2222222222'),
(3, '1111111111', '2014-02-04 01:20:54', '2015-02-24 14:50:16', 9, '1', '2222222222'),
(4, '1111111111', '2014-11-25 05:35:50', '2015-08-11 14:49:47', 42, '1', '2222222222'),
(5, '1111111111', '2014-10-09 23:45:17', '2015-05-25 06:16:27', 4, '1', '2222222222'),
(6, '1111111111', '2014-01-22 09:31:04', '2015-05-02 09:09:52', 33, '0', '2222222222'),
(7, '1111111111', '2014-08-16 01:44:10', '2015-04-10 16:50:48', 37, '0', '2222222222'),
(8, '1111111111', '2014-04-30 07:54:11', '2015-07-01 02:57:23', 100, '0', '2222222222'),
(9, '1111111111', '2014-03-06 23:49:33', '2015-08-26 10:23:36', 45, '1', '2222222222'),
(10, '1111111111', '2014-01-23 11:52:05', '2015-01-10 12:03:00', 75, '0', '2222222222'),
(11, '1111111111', '2014-10-01 06:53:22', '2015-07-31 15:30:22', 7, '1', '2222222222'),
(12, '1111111111', '2014-08-16 13:34:02', '2015-02-21 01:59:01', 52, '0', '2222222222'),
(13, '1111111111', '2014-02-15 05:57:26', '2016-01-09 13:30:14', 84, '1', '2222222222'),
(14, '1111111111', '2014-10-21 16:28:02', '2015-02-01 11:44:02', 100, '1', '2222222222'),
(15, '1111111111', '2014-04-17 21:10:37', '2015-08-03 15:39:03', 84, '0', '2222222222'),
(16, '1111111111', '2014-12-01 21:20:13', '2015-10-27 21:49:29', 60, '1', '2222222222'),
(17, '1111111111', '2014-01-06 23:31:47', '2015-04-23 22:38:01', 91, '0', '2222222222'),
(18, '1111111111', '2014-12-21 18:33:56', '2015-06-25 11:36:57', 5, '0', '2222222222'),
(19, '1111111111', '2014-06-08 03:06:36', '2015-01-10 04:03:01', 26, '0', '2222222222'),
(20, '1111111111', '2014-06-12 02:22:36', '2015-10-08 15:44:13', 46, '0', '2222222222'),
(21, '1111111111', '2014-05-12 09:01:02', '2015-04-15 01:52:00', 86, '0', '2222222222'),
(22, '1111111111', '2014-07-01 04:48:36', '2015-11-22 00:55:25', 42, '0', '2222222222'),
(23, '1111111111', '2014-12-15 20:53:53', '2015-07-22 23:36:31', 59, '0', '2222222222'),
(24, '1111111111', '2014-07-05 06:55:56', '2015-04-26 07:45:53', 66, '0', '2222222222'),
(25, '1111111111', '2014-11-30 17:13:37', '2016-02-03 00:58:29', 12, '0', '2222222222'),
(26, '1111111111', '2014-04-16 10:33:35', '2015-11-02 06:01:06', 72, '1', '2222222222'),
(27, '1111111111', '2014-09-02 05:38:23', '2015-03-31 10:57:35', 2, '0', '2222222222'),
(28, '1111111111', '2014-04-03 17:19:52', '2016-01-13 22:01:51', 60, '0', '2222222222'),
(29, '1111111111', '2014-02-22 20:33:41', '2015-02-25 18:34:32', 30, '1', '2222222222'),
(30, '1111111111', '2014-04-07 09:45:20', '2016-02-02 12:29:49', 86, '0', '2222222222'),
(31, '1111111111', '2014-04-16 10:02:20', '2015-05-19 00:02:58', 99, '1', '2222222222'),
(32, '1111111111', '2014-05-22 09:49:13', '2015-06-09 06:14:58', 55, '1', '2222222222'),
(33, '1111111111', '2014-12-12 06:25:06', '2015-12-23 01:41:39', 47, '0', '2222222222'),
(34, '1111111111', '2014-06-14 08:48:40', '2016-01-31 04:35:30', 20, '0', '2222222222'),
(35, '1111111111', '2014-01-28 00:48:39', '2016-01-25 11:50:31', 19, '0', '2222222222'),
(36, '1111111111', '2014-04-20 22:52:44', '2016-02-03 06:17:50', 4, '0', '2222222222'),
(37, '1111111111', '2014-10-02 02:55:03', '2015-02-13 12:10:42', 99, '1', '2222222222'),
(38, '1111111111', '2014-01-02 05:30:26', '2015-04-24 07:12:50', 96, '1', '2222222222'),
(39, '1111111111', '2014-09-04 08:38:31', '2015-10-22 11:25:21', 79, '0', '2222222222'),
(40, '1111111111', '2014-06-24 15:35:38', '2015-01-02 13:01:18', 30, '1', '2222222222'),
(41, '1111111111', '2014-10-12 12:59:26', '2015-08-19 00:42:18', 69, '0', '2222222222'),
(42, '1111111111', '2014-09-17 06:24:10', '2015-09-14 23:25:20', 75, '1', '2222222222'),
(43, '1111111111', '2014-08-14 04:24:17', '2015-03-01 18:44:54', 86, '1', '2222222222'),
(44, '1111111111', '2014-01-29 00:41:49', '2015-06-21 05:04:33', 9, '1', '2222222222'),
(45, '1111111111', '2014-12-05 21:00:16', '2015-08-08 04:55:24', 71, '1', '2222222222'),
(46, '1111111111', '2014-09-15 19:17:02', '2015-01-30 02:10:41', 79, '0', '2222222222'),
(47, '1111111111', '2014-04-16 06:38:37', '2015-09-15 16:59:48', 82, '1', '2222222222'),
(48, '1111111111', '2014-02-16 14:25:30', '2015-07-13 13:46:26', 81, '1', '2222222222'),
(49, '1111111111', '2014-02-15 15:22:25', '2015-04-05 00:17:55', 3, '1', '2222222222'),
(50, '1111111111', '2014-09-29 18:10:20', '2016-01-26 04:14:02', 28, '0', '2222222222'),
(51, '1111111111', '2014-04-06 21:35:44', '2015-04-24 06:29:19', 51, '0', '2222222222'),
(52, '1111111111', '2014-01-06 17:21:38', '2015-01-09 03:05:43', 33, '0', '2222222222'),
(53, '1111111111', '2014-09-30 06:16:21', '2015-11-13 07:37:36', 75, '0', '2222222222'),
(54, '1111111111', '2014-07-29 02:25:38', '2016-02-14 17:17:07', 73, '0', '2222222222'),
(55, '1111111111', '2014-05-18 06:01:37', '2015-01-11 08:56:45', 62, '0', '2222222222'),
(56, '1111111111', '2014-07-03 17:38:15', '2015-10-07 22:18:49', 62, '0', '2222222222'),
(57, '1111111111', '2014-01-09 00:40:24', '2015-08-11 18:05:31', 90, '1', '2222222222'),
(58, '1111111111', '2014-04-13 13:51:04', '2016-02-13 22:00:49', 82, '0', '2222222222'),
(59, '1111111111', '2014-10-04 13:48:48', '2015-10-06 13:52:52', 39, '1', '2222222222'),
(60, '1111111111', '2014-07-14 18:21:08', '2015-02-16 20:32:30', 9, '0', '2222222222'),
(61, '1111111111', '2014-02-23 20:52:06', '2015-05-11 02:11:17', 1, '1', '2222222222'),
(62, '1111111111', '2014-11-21 22:50:08', '2015-12-07 07:32:23', 80, '1', '2222222222'),
(63, '1111111111', '2014-03-30 22:12:01', '2015-01-31 16:23:46', 71, '1', '2222222222'),
(64, '1111111111', '2014-04-01 19:50:48', '2015-11-17 09:40:33', 29, '0', '2222222222'),
(65, '1111111111', '2014-03-15 22:41:18', '2015-12-01 11:50:25', 20, '1', '2222222222'),
(66, '1111111111', '2014-06-01 23:16:14', '2015-08-02 17:51:12', 22, '1', '2222222222'),
(67, '1111111111', '2014-05-21 23:58:46', '2015-01-04 18:16:12', 19, '1', '2222222222'),
(68, '1111111111', '2014-01-17 18:43:38', '2015-07-07 12:36:18', 96, '1', '2222222222'),
(69, '1111111111', '2014-08-09 21:25:11', '2015-03-01 19:10:29', 93, '0', '2222222222'),
(70, '1111111111', '2014-12-22 20:09:12', '2016-02-12 07:49:45', 40, '0', '2222222222'),
(71, '1111111111', '2014-05-22 01:30:29', '2016-01-19 21:14:44', 17, '0', '2222222222'),
(72, '1111111111', '2014-01-28 20:04:00', '2015-10-03 11:37:36', 54, '0', '2222222222'),
(73, '1111111111', '2014-06-15 01:49:05', '2015-01-19 09:39:53', 14, '0', '2222222222'),
(74, '1111111111', '2014-06-13 10:07:19', '2016-02-17 15:31:48', 61, '1', '2222222222'),
(75, '1111111111', '2014-09-16 01:04:35', '2015-04-02 23:30:17', 75, '1', '2222222222'),
(76, '1111111111', '2014-06-29 18:51:57', '2015-01-02 15:43:31', 6, '0', '2222222222'),
(77, '1111111111', '2014-03-19 06:41:13', '2015-07-15 11:41:34', 63, '0', '2222222222'),
(78, '1111111111', '2014-05-26 00:49:13', '2015-09-14 17:37:21', 69, '1', '2222222222'),
(79, '1111111111', '2014-10-08 08:12:35', '2015-03-22 20:28:07', 91, '0', '2222222222'),
(80, '1111111111', '2014-04-23 02:22:12', '2015-01-18 13:14:25', 27, '1', '2222222222'),
(81, '1111111111', '2014-06-13 19:58:36', '2015-09-24 15:30:44', 17, '1', '2222222222'),
(82, '1111111111', '2014-09-03 17:44:53', '2015-07-31 01:40:28', 87, '1', '2222222222'),
(83, '1111111111', '2014-03-25 17:53:52', '2015-03-22 20:13:56', 87, '1', '2222222222'),
(84, '1111111111', '2014-03-27 04:45:00', '2015-04-12 15:25:23', 62, '0', '2222222222'),
(85, '1111111111', '2014-09-21 23:00:32', '2015-11-22 00:25:41', 57, '1', '2222222222'),
(86, '1111111111', '2014-11-19 07:05:58', '2016-02-05 09:51:29', 39, '0', '2222222222'),
(87, '1111111111', '2014-10-08 01:20:01', '2015-12-29 23:10:43', 27, '0', '2222222222'),
(88, '1111111111', '2014-07-07 11:35:18', '2015-12-21 17:20:50', 97, '1', '2222222222'),
(89, '1111111111', '2014-11-20 11:01:50', '2015-01-29 22:56:06', 98, '1', '2222222222'),
(90, '1111111111', '2014-01-29 20:33:08', '2015-12-09 06:16:34', 85, '1', '2222222222'),
(91, '1111111111', '2014-11-05 05:12:43', '2015-04-13 13:27:19', 57, '1', '2222222222'),
(92, '1111111111', '2014-09-27 03:24:51', '2015-08-23 21:18:41', 90, '1', '2222222222'),
(93, '1111111111', '2014-07-25 00:54:14', '2016-01-31 23:27:42', 28, '1', '2222222222'),
(94, '1111111111', '2014-10-10 14:09:51', '2015-03-28 02:59:44', 34, '0', '2222222222'),
(95, '1111111111', '2014-04-04 02:59:53', '2015-09-25 17:53:55', 33, '1', '2222222222'),
(96, '1111111111', '2014-01-31 23:10:20', '2015-05-02 19:42:42', 34, '0', '2222222222'),
(97, '1111111111', '2014-03-06 06:05:31', '2015-06-20 03:21:25', 19, '0', '2222222222'),
(98, '1111111111', '2014-08-09 14:25:31', '2015-01-27 15:20:59', 87, '1', '2222222222'),
(99, '1111111111', '2014-07-11 03:39:10', '2015-11-29 03:01:37', 59, '1', '2222222222'),
(100, '1111111111', '2014-11-16 06:50:44', '2015-06-11 10:40:47', 79, '0', '2222222222'),
(101, '3333333333', '2014-05-02 03:40:29', '2015-05-29 05:52:01', 91, '1', '4444444444'),
(102, '3333333333', '2014-04-10 16:02:13', '2015-03-24 13:03:25', 38, '0', '4444444444'),
(103, '3333333333', '2014-02-17 07:56:54', '2015-02-06 01:18:51', 21, '0', '4444444444'),
(104, '3333333333', '2014-08-22 08:20:56', '2015-02-11 04:27:01', 56, '0', '4444444444'),
(105, '3333333333', '2014-02-06 15:49:27', '2015-06-13 11:47:57', 49, '1', '4444444444'),
(106, '3333333333', '2014-02-10 14:27:58', '2015-07-12 21:27:43', 13, '1', '4444444444'),
(107, '3333333333', '2014-02-27 02:21:57', '2015-07-07 07:56:22', 58, '0', '4444444444'),
(108, '3333333333', '2014-05-07 19:24:35', '2015-07-16 17:52:25', 53, '1', '4444444444'),
(109, '3333333333', '2014-12-10 21:42:34', '2015-11-01 01:05:16', 95, '0', '4444444444'),
(110, '3333333333', '2014-03-01 02:49:11', '2015-12-07 01:16:47', 89, '1', '4444444444'),
(111, '3333333333', '2014-07-10 19:21:34', '2015-08-12 08:29:28', 82, '1', '4444444444'),
(112, '3333333333', '2014-03-02 09:29:23', '2015-06-02 23:11:33', 92, '1', '4444444444'),
(113, '3333333333', '2014-05-01 18:47:11', '2015-08-14 08:46:56', 25, '0', '4444444444'),
(114, '3333333333', '2014-09-07 03:44:07', '2015-10-25 11:00:42', 47, '1', '4444444444'),
(115, '3333333333', '2014-09-28 18:25:50', '2015-07-28 08:41:31', 0, '0', '4444444444'),
(116, '3333333333', '2014-01-20 10:31:45', '2015-05-17 10:54:47', 77, '1', '4444444444'),
(117, '3333333333', '2014-06-11 06:52:42', '2015-01-12 07:00:49', 28, '0', '4444444444'),
(118, '3333333333', '2014-09-17 08:44:53', '2015-11-15 15:45:21', 34, '0', '4444444444'),
(119, '3333333333', '2014-10-12 06:38:58', '2015-09-05 15:54:02', 50, '0', '4444444444'),
(120, '3333333333', '2014-04-20 16:40:55', '2015-12-15 00:44:44', 22, '0', '4444444444'),
(121, '3333333333', '2014-10-29 02:54:06', '2016-02-03 07:11:41', 35, '1', '4444444444'),
(122, '3333333333', '2014-03-12 05:02:19', '2015-05-20 08:02:29', 93, '1', '4444444444'),
(123, '3333333333', '2014-03-20 01:43:33', '2015-03-29 00:01:39', 56, '1', '4444444444'),
(124, '3333333333', '2014-05-12 12:58:35', '2015-01-08 19:26:27', 89, '0', '4444444444'),
(125, '3333333333', '2014-08-01 15:26:42', '2016-02-03 15:29:12', 85, '1', '4444444444'),
(126, '3333333333', '2014-06-15 12:52:39', '2015-01-03 09:34:10', 100, '1', '4444444444'),
(127, '3333333333', '2014-04-16 13:14:00', '2015-01-04 07:48:50', 49, '0', '4444444444'),
(128, '3333333333', '2014-11-01 09:10:12', '2015-06-13 08:48:57', 66, '1', '4444444444'),
(129, '3333333333', '2014-06-23 00:16:18', '2015-12-15 10:00:26', 7, '1', '4444444444'),
(130, '3333333333', '2014-01-26 02:13:26', '2015-01-14 01:19:38', 97, '0', '4444444444'),
(131, '3333333333', '2014-08-14 07:29:01', '2015-09-02 18:51:42', 42, '0', '4444444444'),
(132, '3333333333', '2014-05-22 21:54:08', '2015-07-24 06:38:21', 42, '1', '4444444444'),
(133, '3333333333', '2014-05-29 19:43:36', '2015-07-05 07:55:48', 34, '1', '4444444444'),
(134, '3333333333', '2014-06-01 05:19:06', '2015-12-18 14:34:12', 39, '1', '4444444444'),
(135, '3333333333', '2014-02-17 10:08:47', '2015-06-25 18:37:00', 30, '0', '4444444444'),
(136, '3333333333', '2014-06-26 10:17:53', '2015-10-11 12:32:56', 99, '0', '4444444444'),
(137, '3333333333', '2014-06-14 02:44:53', '2015-09-16 04:03:15', 73, '1', '4444444444'),
(138, '3333333333', '2014-05-17 23:44:35', '2015-07-14 21:35:03', 89, '0', '4444444444'),
(139, '3333333333', '2014-04-23 09:41:36', '2015-10-08 04:57:14', 6, '0', '4444444444'),
(140, '3333333333', '2014-10-17 05:34:28', '2015-09-28 03:40:46', 18, '1', '4444444444'),
(141, '3333333333', '2014-02-14 20:04:29', '2015-05-24 09:42:56', 37, '1', '4444444444'),
(142, '3333333333', '2014-03-30 07:43:41', '2015-04-19 09:22:54', 27, '1', '4444444444'),
(143, '3333333333', '2014-09-04 03:21:38', '2015-11-05 06:55:53', 15, '0', '4444444444'),
(144, '3333333333', '2014-08-10 18:51:51', '2016-02-10 01:39:02', 50, '0', '4444444444'),
(145, '3333333333', '2014-11-06 02:55:46', '2015-08-14 03:56:51', 16, '1', '4444444444'),
(146, '3333333333', '2014-10-01 17:50:30', '2015-08-03 08:04:21', 11, '1', '4444444444'),
(147, '3333333333', '2014-12-22 15:35:46', '2015-01-08 19:39:20', 16, '0', '4444444444'),
(148, '3333333333', '2014-11-04 08:45:49', '2015-04-14 20:07:05', 8, '0', '4444444444'),
(149, '3333333333', '2014-07-22 05:11:32', '2016-01-24 06:44:37', 50, '1', '4444444444'),
(150, '3333333333', '2014-10-08 13:30:39', '2015-12-18 06:39:56', 45, '0', '4444444444'),
(151, '3333333333', '2014-11-11 02:43:15', '2015-08-19 07:16:54', 13, '0', '4444444444'),
(152, '3333333333', '2014-12-30 11:06:40', '2015-11-11 01:23:44', 53, '1', '4444444444'),
(153, '3333333333', '2014-02-02 14:44:43', '2015-07-16 22:44:41', 75, '1', '4444444444'),
(154, '3333333333', '2014-01-25 10:10:47', '2015-10-22 00:11:32', 50, '1', '4444444444'),
(155, '3333333333', '2014-09-17 13:08:42', '2015-01-17 04:25:00', 68, '0', '4444444444'),
(156, '3333333333', '2014-05-29 22:34:28', '2015-10-17 22:39:19', 55, '0', '4444444444'),
(157, '3333333333', '2014-08-03 03:28:07', '2015-01-20 00:15:48', 40, '1', '4444444444'),
(158, '3333333333', '2014-07-18 19:01:05', '2015-07-12 00:47:21', 2, '0', '4444444444'),
(159, '3333333333', '2014-09-02 18:35:12', '2015-05-21 15:32:24', 27, '0', '4444444444'),
(160, '3333333333', '2014-04-16 23:55:40', '2015-03-01 04:07:01', 50, '1', '4444444444'),
(161, '3333333333', '2014-08-02 12:33:57', '2015-02-15 05:13:49', 66, '0', '4444444444'),
(162, '3333333333', '2014-08-15 07:45:31', '2015-05-31 01:04:45', 33, '1', '4444444444'),
(163, '3333333333', '2014-10-25 23:59:28', '2015-06-13 19:58:08', 66, '0', '4444444444'),
(164, '3333333333', '2014-05-31 11:44:33', '2015-07-29 13:04:55', 37, '1', '4444444444'),
(165, '3333333333', '2014-09-29 13:37:09', '2016-02-18 03:22:13', 15, '1', '4444444444'),
(166, '3333333333', '2014-01-24 02:42:37', '2015-05-22 04:03:05', 5, '1', '4444444444'),
(167, '3333333333', '2014-10-13 08:44:26', '2016-01-19 16:00:47', 48, '1', '4444444444'),
(168, '3333333333', '2014-10-04 03:09:09', '2015-01-24 18:55:38', 97, '1', '4444444444'),
(169, '3333333333', '2014-12-10 21:02:04', '2016-01-27 13:57:59', 77, '1', '4444444444'),
(170, '3333333333', '2014-03-12 22:59:17', '2015-06-23 14:35:35', 86, '1', '4444444444'),
(171, '3333333333', '2014-03-06 03:52:53', '2015-08-09 16:34:30', 57, '0', '4444444444'),
(172, '3333333333', '2014-04-29 10:13:58', '2015-09-11 05:59:28', 77, '0', '4444444444'),
(173, '3333333333', '2014-10-16 21:50:13', '2015-06-17 11:15:06', 65, '0', '4444444444'),
(174, '3333333333', '2014-05-22 07:15:18', '2015-02-04 03:13:09', 88, '1', '4444444444'),
(175, '3333333333', '2014-12-12 19:18:35', '2015-04-22 08:31:01', 28, '0', '4444444444'),
(176, '3333333333', '2014-12-29 02:55:05', '2015-11-23 04:33:18', 5, '0', '4444444444'),
(177, '3333333333', '2014-04-06 12:36:59', '2015-01-12 06:06:33', 78, '1', '4444444444'),
(178, '3333333333', '2014-04-04 17:20:41', '2015-01-16 20:46:42', 84, '1', '4444444444'),
(179, '3333333333', '2014-05-18 08:17:26', '2015-11-28 04:46:46', 4, '1', '4444444444'),
(180, '3333333333', '2014-12-30 15:37:58', '2015-09-14 19:19:27', 68, '1', '4444444444'),
(181, '3333333333', '2014-07-26 00:07:25', '2015-07-15 22:51:09', 45, '1', '4444444444'),
(182, '3333333333', '2014-03-25 23:01:35', '2015-10-20 04:40:23', 97, '0', '4444444444'),
(183, '3333333333', '2014-11-03 03:29:24', '2015-12-01 17:58:52', 11, '1', '4444444444'),
(184, '3333333333', '2014-08-15 09:54:33', '2015-10-28 19:45:14', 79, '0', '4444444444'),
(185, '3333333333', '2014-04-01 04:13:30', '2015-06-05 22:06:57', 20, '1', '4444444444'),
(186, '3333333333', '2014-09-17 06:46:03', '2016-02-10 12:13:34', 93, '1', '4444444444'),
(187, '3333333333', '2014-05-20 02:46:51', '2015-02-04 20:06:36', 61, '0', '4444444444'),
(188, '3333333333', '2014-04-30 12:58:52', '2015-03-03 23:22:10', 77, '1', '4444444444'),
(189, '3333333333', '2014-03-26 16:04:57', '2015-02-22 17:26:40', 65, '1', '4444444444'),
(190, '3333333333', '2014-11-21 18:22:24', '2015-02-17 16:12:59', 9, '1', '4444444444'),
(191, '3333333333', '2014-05-28 10:57:43', '2015-01-26 14:49:43', 63, '1', '4444444444'),
(192, '3333333333', '2014-06-28 18:24:24', '2015-11-15 11:38:27', 49, '0', '4444444444'),
(193, '3333333333', '2014-03-25 17:53:07', '2015-07-16 12:50:54', 20, '0', '4444444444'),
(194, '3333333333', '2014-07-27 11:09:56', '2015-08-25 21:23:12', 11, '1', '4444444444'),
(195, '3333333333', '2014-06-09 03:27:33', '2015-03-11 20:47:47', 77, '0', '4444444444'),
(196, '3333333333', '2014-08-02 12:45:45', '2015-01-06 10:57:42', 63, '0', '4444444444'),
(197, '3333333333', '2014-06-04 10:41:29', '2015-06-11 01:32:24', 84, '1', '4444444444'),
(198, '3333333333', '2014-03-11 23:56:57', '2015-12-20 16:28:16', 70, '0', '4444444444'),
(199, '3333333333', '2014-10-26 02:01:48', '2015-07-04 09:33:29', 80, '0', '4444444444'),
(200, '3333333333', '2014-08-05 19:31:48', '2015-01-04 17:38:25', 66, '1', '4444444444');

-- --------------------------------------------------------

--
-- Table structure for table `maintaince_crew`
--

CREATE TABLE `maintaince_crew` (
  `phone` varchar(15) NOT NULL
) ENGINE=InnoDB DEFAULT CHARSET=utf8;

--
-- Dumping data for table `maintaince_crew`
--

INSERT INTO `maintaince_crew` (`phone`) VALUES
('1111111111'),
('2222222222'),
('3333333333'),
('4444444444');

-- --------------------------------------------------------

--
-- Table structure for table `manufacturer`
--

CREATE TABLE `manufacturer` (
  `name` varchar(40) NOT NULL,
  `phone_number` varchar(15) NOT NULL,
  `address` varchar(50) NOT NULL
) ENGINE=InnoDB DEFAULT CHARSET=utf8;

--
-- Dumping data for table `manufacturer`
--

INSERT INTO `manufacturer` (`name`, `phone_number`, `address`) VALUES
('Manufacturer 1', '1111111111', '5050 E Garford Street Long Beach'),
('Manufacturer 2', '2222222222', 'Random Adress Lel'),
('Manufacturer 3', '3333333333', '6300 University Drive, Long Beach CA'),
('Manufacturer 4', '4444444444', '2132 7th Street, Long Beach, CA');

-- --------------------------------------------------------

--
-- Table structure for table `payments`
--

CREATE TABLE `payments` (
  `idpayment` int(11) NOT NULL,
  `fk_id_coinslot` int(11) NOT NULL,
  `fk_id_payment_method` int(11) NOT NULL,
  `status` int(11) NOT NULL,
  `date` datetime NOT NULL
) ENGINE=InnoDB DEFAULT CHARSET=utf8;

--
-- Dumping data for table `payments`
--

INSERT INTO `payments` (`idpayment`, `fk_id_coinslot`, `fk_id_payment_method`, `status`, `date`) VALUES
(1, 57, 2, 0, '2015-04-10 23:49:09'),
(2, 73, 1, 1, '2015-03-28 01:37:56'),
(3, 169, 3, 0, '2015-11-09 00:26:27'),
(4, 79, 3, 1, '2015-02-12 13:55:21'),
(5, 126, 1, 0, '2017-01-03 13:49:30'),
(6, 152, 1, 1, '2016-09-26 07:22:24'),
(7, 142, 2, 0, '2016-07-27 11:19:39'),
(8, 190, 2, 1, '2015-03-06 06:35:47'),
(9, 46, 1, 1, '2015-10-06 06:11:55'),
(10, 125, 4, 0, '2015-01-20 21:03:39'),
(11, 67, 1, 0, '2016-10-16 18:58:03'),
(12, 6, 2, 1, '2016-08-22 22:22:48'),
(13, 152, 1, 0, '2016-06-15 19:12:35'),
(14, 12, 3, 0, '2016-05-03 15:02:31'),
(15, 52, 3, 1, '2016-03-19 18:47:20'),
(16, 46, 1, 1, '2016-12-27 17:06:59'),
(17, 5, 1, 1, '2015-08-31 21:45:41'),
(18, 142, 1, 0, '2016-04-24 20:45:28'),
(19, 60, 4, 0, '2015-04-03 13:20:43'),
(20, 176, 4, 0, '2016-11-26 10:53:35'),
(21, 132, 4, 0, '2017-01-30 10:07:11'),
(22, 106, 4, 1, '2017-01-16 03:54:08'),
(23, 44, 2, 0, '2015-08-23 17:29:32'),
(24, 138, 1, 0, '2016-12-30 23:23:57'),
(25, 104, 4, 0, '2016-02-08 06:42:08'),
(26, 15, 1, 1, '2016-10-26 21:21:58'),
(27, 62, 2, 0, '2015-10-18 14:22:22'),
(28, 87, 1, 1, '2016-09-15 05:20:58'),
(29, 6, 1, 1, '2016-01-07 00:38:55'),
(30, 100, 4, 1, '2015-12-09 00:53:08'),
(31, 94, 3, 0, '2015-03-12 08:15:24'),
(32, 193, 1, 1, '2015-12-14 13:33:58'),
(33, 52, 2, 1, '2015-01-19 22:54:14'),
(34, 93, 2, 1, '2015-06-12 15:13:36'),
(35, 164, 4, 1, '2016-08-27 12:20:20'),
(36, 4, 1, 1, '2016-03-07 00:04:16'),
(37, 26, 3, 0, '2016-06-01 18:11:10'),
(38, 186, 4, 1, '2015-02-08 07:29:07'),
(39, 136, 3, 0, '2016-03-04 16:47:28'),
(40, 141, 3, 0, '2015-09-09 00:04:04'),
(41, 106, 1, 0, '2016-11-23 19:44:26'),
(42, 138, 2, 0, '2015-08-30 05:06:41'),
(43, 73, 1, 0, '2016-11-17 15:45:43'),
(44, 6, 3, 1, '2015-11-01 06:43:14'),
(45, 176, 4, 0, '2016-03-21 17:27:08'),
(46, 193, 3, 1, '2016-07-06 14:40:25'),
(47, 59, 4, 0, '2015-02-26 14:41:25'),
(48, 35, 2, 0, '2016-11-08 06:52:39'),
(49, 58, 1, 0, '2016-05-23 07:02:04'),
(50, 21, 1, 0, '2016-07-05 01:38:46'),
(51, 85, 3, 1, '2016-08-02 13:59:33'),
(52, 113, 4, 0, '2016-02-06 21:45:18'),
(53, 158, 3, 0, '2017-01-19 12:50:48'),
(54, 86, 1, 1, '2015-03-02 07:44:55'),
(55, 125, 1, 0, '2015-01-02 12:38:56'),
(56, 138, 4, 1, '2016-03-05 13:29:20'),
(57, 105, 3, 1, '2015-12-10 23:02:47'),
(58, 21, 4, 1, '2016-02-12 14:02:07'),
(59, 101, 4, 0, '2016-09-29 08:43:23'),
(60, 66, 4, 1, '2015-02-17 12:24:40'),
(61, 97, 4, 0, '2016-12-08 21:18:47'),
(62, 38, 4, 0, '2016-07-08 09:23:15'),
(63, 52, 1, 0, '2016-05-21 02:17:43'),
(64, 188, 2, 0, '2015-06-05 18:08:51'),
(65, 89, 3, 1, '2015-01-21 22:52:33'),
(66, 20, 1, 0, '2015-05-10 08:15:44'),
(67, 190, 3, 0, '2015-09-05 14:43:22'),
(68, 148, 1, 1, '2015-02-09 11:26:33'),
(69, 155, 2, 1, '2016-11-29 06:44:45'),
(70, 95, 2, 1, '2015-06-23 16:02:44'),
(71, 10, 3, 1, '2016-11-23 20:26:24'),
(72, 147, 2, 0, '2015-01-06 13:54:57'),
(73, 138, 4, 1, '2016-08-16 05:11:27'),
(74, 115, 1, 1, '2015-12-11 00:31:59'),
(75, 154, 1, 0, '2016-12-06 01:10:43'),
(76, 145, 4, 0, '2016-07-13 13:33:52'),
(77, 131, 4, 1, '2016-01-24 13:12:59'),
(78, 158, 2, 0, '2016-11-16 22:52:23'),
(79, 151, 3, 0, '2016-05-08 03:05:20'),
(80, 146, 2, 1, '2016-09-08 22:13:39'),
(81, 147, 3, 1, '2017-01-19 02:34:26'),
(82, 7, 3, 1, '2016-02-29 19:07:01'),
(83, 91, 3, 1, '2016-10-20 19:46:31'),
(84, 114, 2, 0, '2016-04-30 19:03:02'),
(85, 69, 2, 0, '2016-02-19 02:47:50'),
(86, 45, 1, 1, '2015-01-29 15:54:57'),
(87, 174, 3, 0, '2016-05-15 17:09:36'),
(88, 161, 3, 0, '2015-02-04 03:09:06'),
(89, 69, 2, 1, '2015-11-28 13:54:23'),
(90, 192, 1, 0, '2016-07-17 17:58:17'),
(91, 63, 3, 1, '2015-01-05 01:38:16'),
(92, 143, 2, 1, '2015-10-20 10:55:33'),
(93, 131, 3, 0, '2016-04-19 04:16:22'),
(94, 3, 3, 1, '2016-11-26 23:47:59'),
(95, 165, 3, 0, '2016-02-06 11:59:53'),
(96, 134, 3, 1, '2015-02-16 23:03:27'),
(97, 76, 4, 0, '2016-02-25 13:20:59'),
(98, 22, 1, 0, '2017-02-07 03:12:41'),
(99, 39, 1, 0, '2015-02-28 15:17:58'),
(100, 152, 4, 0, '2015-12-12 00:17:17'),
(101, 43, 1, 1, '2016-02-08 16:40:21'),
(102, 52, 4, 1, '2016-03-30 21:21:49'),
(103, 41, 1, 0, '2016-04-24 16:15:07'),
(104, 192, 2, 1, '2017-01-16 14:42:45'),
(105, 42, 4, 0, '2015-10-22 23:57:29'),
(106, 25, 3, 0, '2015-06-15 22:03:44'),
(107, 142, 2, 0, '2016-05-15 04:54:28'),
(108, 195, 2, 1, '2016-08-24 17:31:50'),
(109, 130, 2, 0, '2016-03-28 22:35:59'),
(110, 18, 1, 0, '2015-05-05 17:13:47'),
(111, 159, 3, 1, '2015-07-08 05:03:34'),
(112, 20, 1, 0, '2015-01-31 04:22:08'),
(113, 151, 4, 1, '2016-02-02 18:47:16'),
(114, 112, 3, 1, '2015-02-13 08:49:15'),
(115, 57, 1, 0, '2015-05-04 19:08:58'),
(116, 57, 1, 1, '2016-07-07 04:24:29'),
(117, 99, 1, 1, '2015-07-21 18:30:59'),
(118, 29, 3, 0, '2015-12-03 13:25:12'),
(119, 75, 3, 1, '2015-03-16 10:59:23'),
(120, 57, 3, 1, '2016-03-23 22:06:39'),
(121, 56, 3, 1, '2016-05-17 12:17:12'),
(122, 192, 3, 1, '2016-03-07 18:28:20'),
(123, 64, 2, 0, '2015-06-15 13:05:05'),
(124, 193, 3, 1, '2016-09-04 05:41:30'),
(125, 11, 2, 0, '2015-10-06 14:44:56'),
(126, 16, 3, 1, '2015-09-18 05:49:29'),
(127, 94, 3, 1, '2015-12-12 20:14:53'),
(128, 134, 2, 0, '2016-12-19 16:44:49'),
(129, 60, 3, 1, '2015-07-12 09:23:12'),
(130, 107, 4, 0, '2016-11-25 18:02:23'),
(131, 3, 4, 0, '2016-05-07 17:07:53'),
(132, 13, 1, 0, '2016-12-06 19:44:59'),
(133, 94, 3, 1, '2016-07-12 01:11:55'),
(134, 85, 2, 0, '2016-07-15 05:15:17'),
(135, 100, 3, 1, '2016-11-25 08:37:24'),
(136, 35, 4, 1, '2016-10-15 13:01:06'),
(137, 149, 4, 1, '2015-11-30 08:08:52'),
(138, 82, 2, 0, '2016-02-11 23:42:07'),
(139, 28, 4, 0, '2016-01-21 05:08:17'),
(140, 78, 2, 1, '2015-01-26 04:34:08'),
(141, 13, 3, 0, '2015-09-16 07:15:40'),
(142, 58, 1, 0, '2015-01-23 22:38:11'),
(143, 193, 3, 0, '2015-04-17 12:14:42'),
(144, 113, 3, 1, '2016-03-30 21:32:54'),
(145, 21, 3, 1, '2016-05-17 11:05:00'),
(146, 76, 2, 1, '2015-11-01 20:59:36'),
(147, 178, 4, 1, '2016-05-16 02:25:58'),
(148, 99, 1, 0, '2015-11-28 23:24:19'),
(149, 186, 4, 1, '2016-10-22 12:53:53'),
(150, 75, 1, 0, '2016-05-30 10:11:26'),
(151, 98, 2, 1, '2016-04-22 02:19:43'),
(152, 139, 2, 1, '2015-05-07 04:03:56'),
(153, 1, 1, 0, '2016-11-27 17:00:17'),
(154, 189, 1, 0, '2015-01-15 14:46:38'),
(155, 89, 3, 0, '2015-06-11 01:33:09'),
(156, 155, 2, 0, '2015-06-29 11:58:16'),
(157, 174, 3, 0, '2016-04-03 03:55:18'),
(158, 140, 1, 0, '2015-05-21 22:06:42'),
(159, 161, 1, 1, '2016-12-31 21:59:19'),
(160, 198, 3, 1, '2016-07-14 03:03:50'),
(161, 163, 4, 1, '2016-08-01 17:05:59'),
(162, 125, 3, 1, '2016-06-05 17:30:38'),
(163, 44, 4, 0, '2015-09-15 00:31:43'),
(164, 131, 3, 0, '2015-12-24 11:05:54'),
(165, 51, 1, 0, '2016-08-20 17:05:31'),
(166, 118, 4, 0, '2016-07-07 14:54:27'),
(167, 17, 3, 1, '2016-06-04 17:22:43'),
(168, 33, 2, 1, '2015-12-29 11:12:13'),
(169, 155, 1, 0, '2015-08-28 18:11:31'),
(170, 68, 1, 0, '2015-06-28 10:49:14'),
(171, 74, 3, 0, '2015-01-10 19:15:11'),
(172, 106, 4, 1, '2015-01-10 21:17:34'),
(173, 55, 1, 1, '2016-03-09 18:58:56'),
(174, 129, 2, 1, '2015-10-30 12:06:28'),
(175, 28, 3, 1, '2015-06-28 15:01:55'),
(176, 159, 1, 1, '2015-04-16 15:21:11'),
(177, 58, 1, 0, '2015-02-17 19:51:25'),
(178, 169, 3, 1, '2015-08-30 02:59:27'),
(179, 54, 2, 1, '2015-04-16 17:37:27'),
(180, 85, 4, 0, '2015-01-05 05:10:22'),
(181, 131, 2, 0, '2016-06-13 06:36:17'),
(182, 130, 3, 0, '2016-10-13 22:49:27'),
(183, 94, 1, 0, '2015-11-03 00:16:02'),
(184, 194, 3, 0, '2015-10-21 23:08:41'),
(185, 85, 2, 1, '2016-07-09 06:38:47'),
(186, 122, 1, 1, '2016-09-02 10:56:50'),
(187, 157, 3, 0, '2016-11-05 00:03:07'),
(188, 48, 1, 0, '2016-11-29 15:05:40'),
(189, 141, 2, 1, '2016-01-21 01:06:34'),
(190, 132, 3, 1, '2015-09-13 05:48:22'),
(191, 154, 1, 0, '2016-03-03 23:42:40'),
(192, 87, 1, 0, '2016-04-07 07:42:34'),
(193, 51, 4, 1, '2016-04-16 23:14:28'),
(194, 125, 4, 1, '2015-10-21 08:21:04'),
(195, 56, 2, 0, '2017-01-28 05:30:39'),
(196, 143, 3, 0, '2015-05-11 21:31:43'),
(197, 43, 4, 1, '2015-03-10 12:28:04'),
(198, 147, 1, 0, '2016-08-09 12:47:23'),
(199, 47, 3, 1, '2015-09-09 00:22:34'),
(200, 25, 1, 0, '2015-05-20 19:05:59'),
(201, 10, 3, 1, '2016-11-20 08:04:39'),
(202, 58, 3, 0, '2015-12-30 08:26:14'),
(203, 71, 4, 1, '2016-03-10 10:42:16'),
(204, 51, 4, 0, '2017-02-13 18:56:24'),
(205, 126, 4, 0, '2016-01-10 22:47:58'),
(206, 80, 1, 0, '2016-08-30 14:07:16'),
(207, 175, 1, 1, '2016-01-29 06:11:03'),
(208, 163, 1, 0, '2015-07-22 19:31:55'),
(209, 27, 3, 1, '2015-07-29 11:46:03'),
(210, 23, 4, 1, '2015-09-12 21:52:54'),
(211, 196, 4, 0, '2016-10-05 15:58:13'),
(212, 54, 3, 1, '2016-12-10 14:32:35'),
(213, 120, 2, 1, '2015-09-17 18:26:05'),
(214, 99, 3, 1, '2015-05-12 07:29:34'),
(215, 125, 1, 0, '2015-07-23 08:20:28'),
(216, 8, 4, 1, '2015-04-18 11:52:02'),
(217, 109, 2, 0, '2015-05-16 13:08:32'),
(218, 62, 1, 1, '2016-09-23 19:36:58'),
(219, 183, 4, 1, '2015-02-10 20:38:27'),
(220, 114, 4, 0, '2016-03-04 08:55:59'),
(221, 91, 1, 0, '2015-09-05 21:26:04'),
(222, 97, 2, 0, '2016-09-23 05:01:50'),
(223, 176, 3, 1, '2016-10-22 00:50:06'),
(224, 108, 2, 0, '2015-08-31 10:52:55'),
(225, 156, 4, 0, '2015-12-16 12:51:34'),
(226, 90, 1, 0, '2016-09-12 02:23:37'),
(227, 192, 4, 0, '2016-08-17 21:23:42'),
(228, 18, 3, 1, '2016-02-17 09:01:09'),
(229, 61, 2, 0, '2016-03-09 15:16:59'),
(230, 21, 1, 0, '2016-07-31 11:03:58'),
(231, 182, 4, 0, '2016-11-02 20:01:33'),
(232, 147, 2, 0, '2016-06-07 01:08:01'),
(233, 192, 4, 0, '2015-07-19 05:03:45'),
(234, 98, 1, 0, '2015-09-02 15:28:35'),
(235, 16, 3, 1, '2016-01-12 19:39:24'),
(236, 123, 3, 0, '2015-01-30 14:40:13'),
(237, 116, 2, 0, '2016-08-23 21:40:29'),
(238, 176, 4, 1, '2015-05-01 17:23:55'),
(239, 165, 3, 0, '2016-04-25 19:17:33'),
(240, 71, 3, 1, '2016-01-29 07:06:54'),
(241, 23, 2, 1, '2016-01-23 09:19:36'),
(242, 180, 2, 1, '2015-09-01 22:06:58'),
(243, 177, 2, 1, '2016-03-21 17:51:52'),
(244, 86, 1, 1, '2016-05-07 19:46:54'),
(245, 82, 4, 0, '2015-05-01 08:05:21'),
(246, 25, 4, 0, '2016-10-06 09:25:20'),
(247, 56, 2, 1, '2015-04-05 18:29:42'),
(248, 74, 2, 1, '2016-12-10 23:37:55'),
(249, 111, 4, 1, '2015-05-29 17:03:55'),
(250, 12, 4, 1, '2016-08-27 15:09:38'),
(251, 138, 2, 0, '2016-11-16 07:29:56'),
(252, 120, 1, 0, '2015-07-06 12:26:20'),
(253, 52, 1, 1, '2016-02-14 13:23:31'),
(254, 167, 3, 0, '2015-02-19 14:34:09'),
(255, 174, 4, 1, '2015-03-22 08:42:06'),
(256, 145, 1, 0, '2017-02-10 07:05:41'),
(257, 40, 1, 0, '2015-07-11 04:35:23'),
(258, 126, 3, 0, '2016-04-18 17:47:52'),
(259, 80, 2, 0, '2016-01-01 08:42:30'),
(260, 22, 2, 1, '2017-02-01 03:16:45'),
(261, 21, 1, 0, '2016-07-18 13:58:26'),
(262, 199, 3, 1, '2016-10-10 05:29:37'),
(263, 81, 1, 1, '2015-11-09 10:15:00'),
(264, 36, 2, 1, '2016-04-08 00:38:13'),
(265, 196, 3, 0, '2015-03-01 15:55:10'),
(266, 71, 3, 1, '2015-09-28 19:49:46'),
(267, 35, 3, 0, '2016-04-14 22:19:19'),
(268, 82, 4, 0, '2015-03-24 15:49:43'),
(269, 159, 1, 1, '2016-02-22 14:42:06'),
(270, 199, 3, 0, '2015-04-10 01:46:36'),
(271, 168, 1, 1, '2015-02-14 19:44:30'),
(272, 50, 3, 0, '2016-02-26 01:34:39'),
(273, 182, 3, 1, '2016-09-26 17:26:44'),
(274, 3, 3, 1, '2016-04-23 13:42:13'),
(275, 28, 3, 0, '2016-03-03 00:04:53'),
(276, 55, 2, 1, '2015-12-26 07:44:51'),
(277, 89, 3, 1, '2015-11-01 23:33:32'),
(278, 20, 2, 1, '2016-01-13 11:20:00'),
(279, 120, 3, 1, '2016-04-30 22:23:24'),
(280, 14, 2, 1, '2016-08-03 21:13:14'),
(281, 10, 3, 0, '2015-11-19 01:58:04'),
(282, 194, 4, 0, '2015-03-10 07:51:23'),
(283, 28, 2, 1, '2015-12-25 05:39:41'),
(284, 86, 4, 0, '2016-07-14 11:58:18'),
(285, 194, 4, 1, '2015-03-16 10:07:52'),
(286, 129, 2, 1, '2015-09-26 14:01:20'),
(287, 66, 4, 0, '2015-11-17 07:56:13'),
(288, 7, 3, 0, '2017-02-16 09:13:44'),
(289, 71, 2, 0, '2016-08-05 09:35:21'),
(290, 66, 3, 0, '2015-01-26 00:37:05'),
(291, 124, 3, 0, '2016-01-12 11:22:38'),
(292, 132, 3, 1, '2015-07-13 22:50:30'),
(293, 61, 1, 1, '2016-11-18 17:19:05'),
(294, 135, 1, 0, '2015-06-29 22:54:24'),
(295, 200, 2, 0, '2016-03-24 23:03:02'),
(296, 172, 4, 0, '2015-08-01 09:03:39'),
(297, 58, 4, 1, '2016-03-22 02:39:48'),
(298, 198, 1, 1, '2016-02-16 07:40:44'),
(299, 141, 2, 0, '2016-03-14 00:09:16'),
(300, 111, 1, 1, '2016-06-28 01:45:33'),
(301, 63, 2, 0, '2016-03-04 15:50:33'),
(302, 37, 1, 0, '2015-11-09 21:14:08'),
(303, 184, 1, 0, '2016-09-08 21:38:50'),
(304, 81, 4, 1, '2017-02-13 23:17:53'),
(305, 129, 4, 1, '2015-04-28 08:16:19'),
(306, 120, 3, 1, '2015-10-08 05:35:41'),
(307, 78, 2, 0, '2015-12-06 10:52:14'),
(308, 69, 2, 1, '2015-07-12 03:38:55'),
(309, 53, 2, 0, '2016-03-01 22:50:08'),
(310, 58, 2, 0, '2016-05-08 11:27:44'),
(311, 88, 1, 1, '2015-07-15 02:44:14'),
(312, 13, 1, 0, '2015-08-30 14:51:33'),
(313, 4, 2, 1, '2017-02-14 02:28:30'),
(314, 8, 1, 1, '2015-04-06 21:24:14'),
(315, 18, 2, 1, '2015-06-01 11:23:59'),
(316, 84, 3, 0, '2015-08-23 18:51:50'),
(317, 140, 2, 1, '2015-08-11 01:32:12'),
(318, 27, 4, 1, '2016-01-20 06:57:56'),
(319, 200, 3, 1, '2016-05-10 19:34:23'),
(320, 161, 2, 1, '2015-10-13 17:25:34'),
(321, 96, 3, 1, '2015-02-11 10:52:59'),
(322, 32, 3, 1, '2015-01-24 13:02:21'),
(323, 180, 4, 1, '2015-06-14 07:36:06'),
(324, 178, 2, 1, '2015-08-25 01:51:05'),
(325, 28, 2, 1, '2015-11-05 22:52:58'),
(326, 178, 3, 1, '2016-11-02 23:16:47'),
(327, 26, 1, 0, '2016-08-27 05:20:40'),
(328, 6, 3, 1, '2016-11-03 18:48:59'),
(329, 105, 3, 1, '2015-09-08 12:54:33'),
(330, 134, 2, 0, '2016-03-25 06:03:52'),
(331, 29, 4, 1, '2016-02-29 15:18:07'),
(332, 68, 1, 1, '2016-05-22 18:54:52'),
(333, 70, 2, 0, '2016-01-13 14:14:24'),
(334, 200, 2, 1, '2016-04-08 03:02:05'),
(335, 31, 4, 0, '2016-01-08 15:06:21'),
(336, 109, 3, 0, '2016-09-12 02:56:15'),
(337, 171, 2, 0, '2016-11-27 14:45:42'),
(338, 14, 4, 1, '2016-09-30 20:46:25'),
(339, 124, 3, 0, '2015-08-17 07:41:19'),
(340, 158, 3, 0, '2015-07-04 04:30:28'),
(341, 145, 2, 1, '2016-02-26 17:41:37'),
(342, 141, 1, 1, '2017-01-01 13:51:53'),
(343, 193, 3, 1, '2016-06-30 14:27:07'),
(344, 74, 4, 0, '2016-03-29 20:36:44'),
(345, 49, 4, 0, '2016-10-13 15:57:08'),
(346, 45, 3, 1, '2016-05-13 12:14:53'),
(347, 86, 2, 0, '2015-07-16 22:50:12'),
(348, 119, 3, 0, '2015-03-17 08:07:26'),
(349, 109, 4, 1, '2015-04-09 05:51:54'),
(350, 108, 4, 0, '2016-07-30 18:05:34'),
(351, 195, 1, 0, '2015-08-02 17:10:46'),
(352, 141, 4, 0, '2015-06-06 19:31:01'),
(353, 26, 3, 0, '2015-12-30 21:26:37'),
(354, 43, 4, 1, '2015-06-05 02:50:52'),
(355, 158, 2, 0, '2015-03-22 17:07:57'),
(356, 126, 1, 0, '2015-06-02 07:25:28'),
(357, 11, 3, 1, '2016-11-10 21:45:18'),
(358, 174, 1, 1, '2016-07-27 20:05:53'),
(359, 5, 3, 1, '2015-09-23 21:40:20'),
(360, 31, 2, 1, '2016-12-25 11:59:26'),
(361, 15, 2, 1, '2015-08-03 11:02:55'),
(362, 122, 2, 1, '2015-10-20 11:03:37'),
(363, 75, 2, 1, '2015-03-02 20:50:19'),
(364, 91, 2, 0, '2016-02-24 17:15:23'),
(365, 199, 3, 0, '2015-11-26 12:26:27'),
(366, 138, 3, 1, '2015-04-11 07:11:22'),
(367, 41, 2, 0, '2016-08-24 06:40:37'),
(368, 135, 3, 1, '2016-09-07 16:07:58'),
(369, 121, 1, 1, '2015-12-24 16:04:19'),
(370, 82, 4, 0, '2016-06-09 01:04:02'),
(371, 146, 1, 1, '2015-09-13 17:12:48'),
(372, 173, 4, 1, '2016-01-25 04:28:24'),
(373, 31, 2, 1, '2015-12-14 12:57:49'),
(374, 10, 3, 1, '2016-05-08 04:41:13'),
(375, 82, 2, 0, '2016-01-20 19:36:36'),
(376, 103, 3, 0, '2015-07-18 16:28:18'),
(377, 133, 2, 1, '2015-02-12 09:30:55'),
(378, 146, 3, 0, '2015-01-20 02:42:17'),
(379, 82, 3, 0, '2015-02-27 23:07:30'),
(380, 188, 3, 1, '2016-10-18 23:27:51'),
(381, 93, 3, 1, '2016-01-30 21:43:47'),
(382, 63, 3, 1, '2016-07-02 12:34:29'),
(383, 65, 4, 1, '2015-09-12 10:01:28'),
(384, 126, 2, 1, '2015-12-08 12:05:40'),
(385, 148, 4, 1, '2015-06-25 21:37:01'),
(386, 46, 1, 1, '2015-11-02 23:14:21'),
(387, 129, 1, 1, '2016-09-18 23:54:25'),
(388, 143, 1, 0, '2015-06-17 05:53:22'),
(389, 95, 1, 1, '2015-01-12 21:26:10'),
(390, 61, 3, 1, '2016-12-07 18:00:56'),
(391, 65, 3, 1, '2015-03-25 02:20:58'),
(392, 187, 4, 1, '2015-05-01 04:00:05'),
(393, 139, 2, 0, '2015-01-19 08:48:58'),
(394, 190, 4, 0, '2016-03-17 18:37:01'),
(395, 123, 4, 0, '2015-10-09 08:02:58'),
(396, 150, 4, 1, '2016-10-10 02:42:03'),
(397, 23, 3, 0, '2016-04-13 10:49:41'),
(398, 109, 2, 1, '2016-11-21 01:08:52'),
(399, 150, 1, 1, '2015-06-26 08:52:01'),
(400, 66, 1, 0, '2017-01-22 03:12:18'),
(401, 68, 3, 0, '2015-07-22 07:00:49'),
(402, 194, 2, 1, '2016-06-30 09:57:10'),
(403, 36, 2, 0, '2015-11-30 11:05:58'),
(404, 87, 1, 1, '2017-01-25 18:24:51'),
(405, 60, 1, 1, '2016-12-22 18:42:10'),
(406, 159, 1, 0, '2016-06-26 09:04:13'),
(407, 5, 3, 0, '2016-08-06 00:36:19'),
(408, 129, 1, 1, '2015-11-14 17:41:19'),
(409, 143, 4, 0, '2016-08-28 07:48:41'),
(410, 128, 4, 0, '2016-01-06 15:21:54'),
(411, 91, 1, 0, '2015-09-14 09:16:56'),
(412, 123, 3, 1, '2015-04-22 17:29:26'),
(413, 130, 2, 0, '2015-04-07 14:10:49'),
(414, 155, 1, 0, '2015-09-08 09:04:05'),
(415, 16, 4, 1, '2015-09-11 02:27:31'),
(416, 177, 1, 1, '2016-04-15 01:49:43'),
(417, 23, 3, 0, '2015-09-30 13:50:48'),
(418, 151, 2, 1, '2016-08-04 16:06:52'),
(419, 105, 2, 0, '2015-03-18 21:13:31'),
(420, 8, 2, 1, '2016-06-13 06:23:00'),
(421, 23, 1, 0, '2016-09-21 09:01:49'),
(422, 40, 3, 1, '2016-09-22 18:45:50'),
(423, 11, 3, 0, '2015-01-16 02:54:12'),
(424, 191, 1, 1, '2015-12-22 05:51:19'),
(425, 65, 1, 0, '2015-07-09 06:16:04'),
(426, 171, 3, 1, '2015-10-14 01:01:20'),
(427, 136, 2, 0, '2015-11-29 19:59:35'),
(428, 78, 1, 0, '2016-09-19 05:35:51'),
(429, 2, 4, 0, '2016-09-18 02:41:00'),
(430, 86, 4, 1, '2015-09-01 04:21:09'),
(431, 48, 2, 0, '2015-03-26 05:10:22'),
(432, 23, 4, 1, '2015-08-20 09:32:38'),
(433, 168, 2, 0, '2016-12-31 23:51:23'),
(434, 176, 3, 0, '2015-06-20 21:51:58'),
(435, 6, 4, 1, '2015-07-05 02:35:06'),
(436, 45, 1, 1, '2015-07-04 13:20:10'),
(437, 97, 4, 0, '2016-03-27 01:49:28'),
(438, 159, 1, 1, '2016-11-26 01:47:06'),
(439, 36, 4, 0, '2015-02-01 10:56:20'),
(440, 59, 1, 1, '2016-11-11 04:04:58'),
(441, 47, 1, 1, '2016-11-27 15:54:55'),
(442, 35, 4, 1, '2016-10-07 18:04:47'),
(443, 95, 4, 0, '2016-03-10 05:04:03'),
(444, 22, 3, 1, '2016-07-08 19:19:58'),
(445, 93, 2, 1, '2016-04-14 07:19:55'),
(446, 115, 3, 0, '2015-10-10 05:58:06'),
(447, 99, 4, 0, '2016-11-12 15:15:05'),
(448, 142, 2, 0, '2015-08-24 04:39:11'),
(449, 73, 4, 0, '2017-01-05 19:15:11'),
(450, 199, 3, 0, '2015-05-06 15:07:51'),
(451, 145, 1, 1, '2015-09-10 03:40:19'),
(452, 164, 4, 1, '2015-03-08 18:31:01'),
(453, 67, 4, 0, '2015-04-06 18:25:08'),
(454, 39, 1, 1, '2016-03-16 20:17:41'),
(455, 26, 1, 0, '2016-01-11 13:19:48'),
(456, 122, 2, 1, '2016-04-25 12:49:22'),
(457, 36, 3, 0, '2016-10-17 17:13:16'),
(458, 55, 1, 0, '2016-08-16 13:07:20'),
(459, 27, 1, 0, '2016-10-15 01:12:19'),
(460, 3, 3, 0, '2015-10-05 17:59:33'),
(461, 64, 4, 1, '2016-08-30 09:36:35'),
(462, 187, 2, 1, '2016-08-17 23:01:21'),
(463, 166, 3, 1, '2015-10-13 03:49:36'),
(464, 110, 4, 0, '2017-02-18 16:12:40'),
(465, 137, 1, 1, '2015-09-09 18:18:57'),
(466, 187, 4, 1, '2015-12-12 22:04:22'),
(467, 118, 3, 1, '2015-08-17 10:13:18'),
(468, 188, 1, 0, '2016-12-12 08:28:08'),
(469, 29, 2, 1, '2015-10-18 17:33:21'),
(470, 148, 2, 0, '2015-09-10 13:58:27'),
(471, 184, 4, 1, '2015-03-31 23:17:04'),
(472, 70, 3, 1, '2016-05-01 04:04:36'),
(473, 115, 2, 0, '2017-02-07 17:35:45'),
(474, 200, 3, 1, '2016-10-25 19:54:54'),
(475, 130, 3, 0, '2017-01-23 12:14:03'),
(476, 50, 4, 1, '2016-09-25 05:15:48'),
(477, 31, 2, 1, '2015-07-28 06:48:06'),
(478, 63, 1, 0, '2016-10-03 20:19:54'),
(479, 29, 1, 0, '2016-12-26 06:44:36'),
(480, 185, 4, 1, '2015-02-26 04:32:59'),
(481, 131, 3, 1, '2016-10-09 22:26:36'),
(482, 131, 2, 1, '2015-11-28 15:08:25'),
(483, 86, 3, 1, '2016-08-21 00:13:43'),
(484, 168, 3, 0, '2015-01-18 15:42:18'),
(485, 148, 2, 1, '2015-03-19 04:14:53'),
(486, 111, 1, 0, '2016-07-25 03:28:02'),
(487, 42, 2, 0, '2016-02-18 17:22:12'),
(488, 92, 3, 0, '2016-12-24 22:29:33'),
(489, 118, 4, 1, '2016-08-27 22:46:56'),
(490, 117, 4, 0, '2015-05-14 05:36:45'),
(491, 185, 4, 0, '2015-07-30 06:53:01'),
(492, 52, 1, 0, '2015-12-28 13:21:26'),
(493, 11, 2, 1, '2016-07-27 15:24:08'),
(494, 166, 2, 0, '2016-01-22 11:03:52'),
(495, 92, 3, 1, '2016-07-29 04:43:31'),
(496, 104, 3, 0, '2015-02-14 20:28:20'),
(497, 189, 2, 1, '2016-10-29 02:52:08'),
(498, 45, 2, 1, '2015-09-05 19:14:47'),
(499, 115, 3, 0, '2015-08-15 01:22:55'),
(500, 82, 4, 1, '2015-05-06 13:27:55');

-- --------------------------------------------------------

--
-- Table structure for table `payment_method`
--

CREATE TABLE `payment_method` (
  `id` int(11) NOT NULL,
  `method_name` varchar(20) NOT NULL
) ENGINE=InnoDB DEFAULT CHARSET=utf8;

--
-- Dumping data for table `payment_method`
--

INSERT INTO `payment_method` (`id`, `method_name`) VALUES
(1, 'Cash'),
(2, 'Visa'),
(3, 'Manufacturer card'),
(4, 'Prepaid card');

--
-- Indexes for dumped tables
--

--
-- Indexes for table `coinslot`
--
ALTER TABLE `coinslot`
  ADD PRIMARY KEY (`idcoinslot`);

--
-- Indexes for table `maintaince_crew`
--
ALTER TABLE `maintaince_crew`
  ADD PRIMARY KEY (`phone`);

--
-- Indexes for table `manufacturer`
--
ALTER TABLE `manufacturer`
  ADD PRIMARY KEY (`phone_number`);

--
-- Indexes for table `payments`
--
ALTER TABLE `payments`
  ADD PRIMARY KEY (`idpayment`);

--
-- Indexes for table `payment_method`
--
ALTER TABLE `payment_method`
  ADD PRIMARY KEY (`id`);

--
-- AUTO_INCREMENT for dumped tables
--

--
-- AUTO_INCREMENT for table `coinslot`
--
ALTER TABLE `coinslot`
  MODIFY `idcoinslot` int(11) NOT NULL AUTO_INCREMENT, AUTO_INCREMENT=201;
--
-- AUTO_INCREMENT for table `payments`
--
ALTER TABLE `payments`
  MODIFY `idpayment` int(11) NOT NULL AUTO_INCREMENT, AUTO_INCREMENT=501;
--
-- AUTO_INCREMENT for table `payment_method`
--
ALTER TABLE `payment_method`
  MODIFY `id` int(11) NOT NULL AUTO_INCREMENT, AUTO_INCREMENT=5;
/*!40101 SET CHARACTER_SET_CLIENT=@OLD_CHARACTER_SET_CLIENT */;
/*!40101 SET CHARACTER_SET_RESULTS=@OLD_CHARACTER_SET_RESULTS */;
/*!40101 SET COLLATION_CONNECTION=@OLD_COLLATION_CONNECTION */;
